{
    "track_id": 29,
    "timestamp_sec": 1.0333275925925927,
    "unsafe_confidence": 0.6749522686004639,
    "plate_text": null,
    "vehicle_image": "data/violate/track_29_20260214_222834_647347/vehicle.jpg",
    "plate_image": null
}