{
    "track_id": 39,
    "timestamp_sec": 1.8333231481481482,
    "unsafe_confidence": 0.6950171589851379,
    "plate_text": null,
    "vehicle_image": "data/violate/track_39_20260214_222838_308630/vehicle.jpg",
    "plate_image": null
}