{
    "track_id": 28,
    "timestamp_sec": 1.0333275925925927,
    "unsafe_confidence": 0.9631416201591492,
    "plate_text": null,
    "vehicle_image": "data/violate/track_28_20260214_222834_502075/vehicle.jpg",
    "plate_image": null
}