{
    "track_id": 42,
    "timestamp_sec": 1.566657962962963,
    "unsafe_confidence": 0.9961405396461487,
    "plate_text": null,
    "vehicle_image": "data/violate/track_42_20260214_222836_458297/vehicle.jpg",
    "plate_image": null
}