{
    "track_id": 10,
    "timestamp_sec": 0.4333309259259259,
    "unsafe_confidence": 0.5818620920181274,
    "plate_text": null,
    "vehicle_image": "data/violate/track_10_20260214_222833_206604/vehicle.jpg",
    "plate_image": null
}