{
    "track_id": 50,
    "timestamp_sec": 1.7666568518518517,
    "unsafe_confidence": 0.64944988489151,
    "plate_text": null,
    "vehicle_image": "data/violate/track_50_20260214_222837_711993/vehicle.jpg",
    "plate_image": null
}