{
    "track_id": 49,
    "timestamp_sec": 1.6999905555555554,
    "unsafe_confidence": 0.9982988238334656,
    "plate_text": null,
    "vehicle_image": "data/violate/track_49_20260214_222837_321801/vehicle.jpg",
    "plate_image": null
}