{
    "track_id": 51,
    "timestamp_sec": 1.7666568518518517,
    "unsafe_confidence": 0.5877728462219238,
    "plate_text": null,
    "vehicle_image": "data/violate/track_51_20260214_222837_864815/vehicle.jpg",
    "plate_image": null
}