{
    "track_id": 44,
    "timestamp_sec": 1.566657962962963,
    "unsafe_confidence": 0.7079324722290039,
    "plate_text": null,
    "vehicle_image": "data/violate/track_44_20260214_222836_609325/vehicle.jpg",
    "plate_image": null
}