{
    "track_id": 35,
    "timestamp_sec": 1.2333264814814815,
    "unsafe_confidence": 0.5053358674049377,
    "plate_text": null,
    "vehicle_image": "data/violate/track_35_20260214_222835_266206/vehicle.jpg",
    "plate_image": null
}